emoji,hexcode,hfg_tags,hfg_author
â„¹ï¸,2139,"advice, info",Jose Avila
ğŸ…¿ï¸,1F17F,"place, drive",Jose Avila
ãŠ—ï¸,3297,"japanese, compliments",Jose Avila
ãŠ™ï¸,3299,"japanese, mysterious",Jose Avila
ğŸ†’,1F192,"popular, nice",Jose Avila
ğŸ†”,1F194,id card,Jose Avila
ğŸ†•,1F195,"modern, recent",Jose Avila
ğŸ†—,1F197,okay,Jose Avila
ğŸ†˜,1F198,"emergency, warning",Jose Avila
ğŸ†š,1F19A,against,Jose Avila
ğŸˆ‚ï¸,1F202,japanese,Jose Avila
ğŸ’¯,1F4AF,"perfect, excellent",Jose Avila
ğŸ” ,1F520,"letters, alphabet",Jose Avila
ğŸ”¡,1F521,"letters, alphabet",Jose Avila
ğŸ”¢,1F522,numbers,Jose Avila
ğŸ”£,1F523,"ampersand, music, note, percentage",Jose Avila
ğŸ”¤,1F524,"letters, alphabet",Jose Avila
ğŸ¸,1F438,"jump, green",Selina Bauder
ğŸ“,1F413,egg,Selina Bauder
ğŸ¦…,1F985,fly,Selina Bauder
ğŸ¦†,1F986,"water, fly",Selina Bauder
ğŸ”,1F414,egg,Selina Bauder
ğŸ£,1F423,"baby, egg",Selina Bauder
ğŸ¤,1F424,"small, baby, egg",Selina Bauder
ğŸ¥,1F425,,Selina Bauder
ğŸ¦ï¸,1F426,"fly, colourful",Selina Bauder
ğŸ§,1F427,,Selina Bauder
ğŸ•Šï¸,1F54A,fly,Selina Bauder
ğŸ¦ƒ,1F983,,Selina Bauder
ğŸ¦‰,1F989,,Selina Bauder
ğŸ•·ï¸,1F577,,Selina Bauder
ğŸŒ,1F40C,,Selina Bauder
ğŸ,1F41D,,Selina Bauder
ğŸ›,1F41B,,Selina Bauder
ğŸœ,1F41C,,Selina Bauder
ğŸ,1F41E,,Selina Bauder
ğŸ•¸ï¸,1F578,,Selina Bauder
ğŸ¦‚,1F982,,Selina Bauder
ğŸ¦‹,1F98B,,Selina Bauder
ğŸ¦—,1F997,,Selina Bauder
ğŸ,1F401,"small, cute, whiskers, tiny, rodent",Sofie Ascherl
ğŸˆï¸,1F408,"pet, kitty, kitten, miau",Sofie Ascherl
ğŸ,1F40E,"riding, sport",Sofie Ascherl
ğŸ’,1F412,"jungle, ape, evolution, primate",Sofie Ascherl
ğŸ•ï¸,1F415,"puppy, doggy",Sofie Ascherl
ğŸ–,1F416,"pork, farm, pink, meat, oink",Sofie Ascherl
ğŸ˜,1F418,"big, wrinkles, trunk, tÃ¶rÃ¶Ã¶",Sofie Ascherl
ğŸ­,1F42D,"cute, whiskers, tiny, rodent",Sofie Ascherl
ğŸ®,1F42E,"farm, milk, beef, grass, dairy, horns, cheese",Sofie Ascherl
ğŸ¦„,1F984,"fabulous, magical, rainbow, schwÃ¤bisch, gmÃ¼nd",Sofie Ascherl
ğŸ¦Š,1F98A,"smart, red, quick, intelligent",Sofie Ascherl
ğŸ€,1F400,"rodent, plaque, fleas, canal, garbage",Sofie Ascherl
ğŸ‚,1F402,"strong, farm, acre, horns, beef",Sofie Ascherl
ğŸƒ,1F403,"black, horns, beef",Sofie Ascherl
ğŸ„,1F404,"farm, milk, beef, grass, dairy, horns, cheese",Sofie Ascherl
ğŸ…,1F405,"stripes, strong, cat, wild",Sofie Ascherl
ğŸ†,1F406,"dots, strong, cat, wild, spots",Sofie Ascherl
ğŸ‡,1F407,"rodent, teeth, cute, ears, bunny, hopping, easter",Sofie Ascherl
ğŸ,1F40F,"horns, grass, hooves, wool",Sofie Ascherl
ğŸ,1F410,"horns, farm, milk, cheese",Sofie Ascherl
ğŸ‘,1F411,"horns, grass, hooves, wool, farm",Sofie Ascherl
ğŸ—,1F417,"wild, strong, forest, angry, teeth, tusk",Sofie Ascherl
ğŸ¨,1F428,"grey, fluffy, eucalyptus, australia, clingy",Sofie Ascherl
ğŸª,1F42A,"desert, oasis, sahara, sun, hot, hump",Sofie Ascherl
ğŸ«,1F42B,"desert, oasis, sahara, sun, hot, hump",Sofie Ascherl
ğŸ¯,1F42F,"stripes, strong, cat, wild",Sofie Ascherl
ğŸ°,1F430,"rodent, teeth, cute, ears, bunny, hopping, easter",Sofie Ascherl
ğŸ±,1F431,"pet, kitty, kitten, miau",Sofie Ascherl
ğŸ´,1F434,"riding, sport",Sofie Ascherl
ğŸµ,1F435,"jungle, ape, evolution, primate, africa",Sofie Ascherl
ğŸ¶,1F436,"friend, puppy, doggy",Sofie Ascherl
ğŸ·,1F437,"pork, farm, pink, meat, oink",Sofie Ascherl
ğŸ¹,1F439,"rodent, fat, fluffy, corn",Sofie Ascherl
ğŸº,1F43A,"pack, wild, free, forest, dog",Sofie Ascherl
ğŸ»,1F43B,"brown, salmon, river, thick",Sofie Ascherl
ğŸ¼,1F43C,"kawaii, cute, japan",Sofie Ascherl
ğŸ½,1F43D,"smell, socket, nose",Sofie Ascherl
ğŸ¾,1F43E,"paws, feet, pet, animal",Sofie Ascherl
ğŸ¿ï¸,1F43F,"squirrel, alvin",Sofie Ascherl
ğŸ¦,1F981,"king, simba, royal, wild, cat",Sofie Ascherl
ğŸ¦‡,1F987,"batman, dracula",Sofie Ascherl
ğŸ¦Œ,1F98C,"forest, hunt, antler",Sofie Ascherl
ğŸ¦,1F98D,"monkey, primate, evolution",Sofie Ascherl
ğŸ¦,1F98F,"rhino, horn, africa",Sofie Ascherl
ğŸ¦’,1F992,"long, neck, trees, big",Sofie Ascherl
ğŸ¦“,1F993,"horse, black, white",Sofie Ascherl
ğŸ¦”,1F994,"prickly, fall, apple, leafs",Sofie Ascherl
ğŸŸï¸,1F41F,"swim, animal, water",Selina Bauder
ğŸ¬,1F42C,"swim, animal, water",Selina Bauder
ğŸ¦ˆ,1F988,"swim, animal, water",Selina Bauder
ğŸ‹,1F40B,"swim, animal, water",Selina Bauder
ğŸ™,1F419,"swim, animal, water",Selina Bauder
ğŸš,1F41A,"beach, sand, water",Selina Bauder
ğŸ ,1F420,"swim, animal, water",Selina Bauder
ğŸ¡,1F421,"swim, animal, water",Selina Bauder
ğŸ³,1F433,"swim, animal, water",Selina Bauder
ğŸ¦€,1F980,"beach, sand, water",Selina Bauder
ğŸ¦,1F990,"swim, animal, water, food",Selina Bauder
ğŸ¦‘,1F991,"swim, animal, water",Selina Bauder
ğŸ,1F40D,"wriggle, fast,",Selina Bauder
ğŸ¢,1F422,"slow, water, sand",Selina Bauder
ğŸ¦–,1F996,dinosaur,Selina Bauder
ğŸ‰,1F409,"fire, fly",Selina Bauder
ğŸŠ,1F40A,dinosaur,Selina Bauder
ğŸ²,1F432,"fire, fly",Selina Bauder
ğŸ¦,1F98E,"fast, small",Selina Bauder
ğŸ¦•,1F995,dinosaur,Selina Bauder
â†”ï¸,2194,"directions, opposite",Jose Avila
â†•ï¸,2195,"directions, opposite",Jose Avila
â†–ï¸,2196,diagonal,Jose Avila
â†—ï¸,2197,diagonal,Jose Avila
â†˜ï¸,2198,diagonal,Jose Avila
â†™ï¸,2199,diagonal,Jose Avila
â¤´ï¸,2934,"direction, curve",Jose Avila
â¤µï¸,2935,"direction, curve",Jose Avila
ğŸ”„,1F504,cycle,Jose Avila
â¡ï¸,27A1,"soon, future",Jose Avila
â¬…ï¸,2B05,past,Jose Avila
â¬†ï¸,2B06,above,Jose Avila
â¬‡ï¸,2B07,underneath,Jose Avila
â†©ï¸,21A9,"directions, turn arround",Jose Avila
â†ªï¸,21AA,"directions, turn arround",Jose Avila
ğŸ”€,1F500,random,Jose Avila
ğŸ”,1F501,cycle,Jose Avila
ğŸ”‚,1F502,,Jose Avila
ğŸ”¼,1F53C,improve,Jose Avila
ğŸ”½,1F53D,"decline, decrease",Jose Avila
â–¶ï¸,25B6,,Jose Avila
â©ï¸,23E9,,Jose Avila
ğŸ¦,1F3A6,,Jose Avila
ğŸ“³,1F4F3,silent mode,Jose Avila
ğŸ“¶,1F4F6,,Jose Avila
âï¸,23CF,,Jose Avila
âªï¸,23EA,,Jose Avila
â«,23EB,,Jose Avila
â¬,23EC,,Jose Avila
â­ï¸,23ED,,Jose Avila
â®ï¸,23EE,,Jose Avila
â¯ï¸,23EF,,Jose Avila
â¸ï¸,23F8,,Jose Avila
â¹ï¸,23F9,,Jose Avila
âºï¸,23FA,,Jose Avila
â—€ï¸,25C0,,Jose Avila
ğŸ“´,1F4F4,caos,Jose Avila
ğŸ”…,1F505,,Jose Avila
ğŸ”†,1F506,,Jose Avila
ğŸ†ï¸,1F3C6,"Trophy, Championship, Winner, Gold Cup, award",Julian GrÃ¼neberg
ğŸ–ï¸,1F396,"Medal, Medallion, Military, Ribbon",Julian GrÃ¼neberg
ğŸ…,1F3C5,"Sports, Medal, Sporting",Julian GrÃ¼neberg
ğŸ¥‡,1F947,"Gold Medal, Gold, Medal, 1st Place Medal, First Place Medal",Julian GrÃ¼neberg
ğŸ¥ˆ,1F948,"Silver, Medal, Silver Medal, Second Place, Second Place Medal, 2nd Place Medal",Julian GrÃ¼neberg
ğŸ¥‰,1F949,"Bronze, Medal, Bronze Medal, Third Place, Third Place Medal, 3rd Place Medal",Julian GrÃ¼neberg
ğŸ‘†ï¸,1F446,"backhand, finger, hand, index, point, up, Middle Finger, White Up",Julian GrÃ¼neberg
ğŸ‘‡ï¸,1F447,"backhand, down, finger, hand, index, point, point, down, Middle Finger, White down",Julian GrÃ¼neberg
ğŸ‘ˆï¸,1F448,"backhand, finger, hand, index, point, point, left, Middle Finger, White left",Julian GrÃ¼neberg
ğŸ‘‰ï¸,1F449,"backhand, finger, hand, index, point, point, right, Middle Finger, White right",Julian GrÃ¼neberg
ğŸ‘Š,1F44A,"clenched, fist, hand, punch, fist, oncoming fist, Brofist, Bro, Bump,",Julian GrÃ¼neberg
ğŸ‘‹,1F44B,"Hello, Goodbye, Waving Hand Sign, Wave",Julian GrÃ¼neberg
ğŸ‘Œ,1F44C,"hand, ok, okay, perfect",Julian GrÃ¼neberg
ğŸ‘ï¸,1F44D,"Like, yes, +1, hand, thumb, up, thumbs up, thumbs up",Julian GrÃ¼neberg
ğŸ‘ï¸,1F44E,"Dislike no, Thumbs Down, Thumbs Down sign, -1, down, hand, thumb, thumbs",Julian GrÃ¼neberg
ğŸ‘,1F44F,"clap, hand, clapping hands, Applause, Clap, Clapping, Golf Clap, Round Of Applause",Julian GrÃ¼neberg
ğŸ‘,1F450,"Hug, Open Hands, Open, Hands, Jazz Hands, Jazz",Julian GrÃ¼neberg
ğŸ’ª,1F4AA,"Flexed Biceps, Biceps, Flexed, flex, muscle, Feats of Strength, strength, feats, Strong, lisa schulz, julian grÃ¼neberg",Julian GrÃ¼neberg
ğŸ–ï¸,1F590,"Five Hand, Hand, Five, Splayed",Julian GrÃ¼neberg
ğŸ™Œ,1F64C,"Raising Hands, Raising, Hands, celebration, gesture, hand, hooray, raised, Arms In The Air, Banzai, Festivus Miracle, Hallelujah, Praise Hands, Two Hands",Julian GrÃ¼neberg
ğŸ¤˜,1F918,"rock on, finger, hand, horns, rock-on, rock, Devil, Devil Fingers, Heavy, Metal, Heavy Metal, rock",Julian GrÃ¼neberg
ğŸ¤™,1F919,"Call Me Hand, call, hand, Phone, Shaka",Julian GrÃ¼neberg
ğŸ¤š,1F91A,"Backhand, raised, hand",Julian GrÃ¼neberg
ğŸ¤›,1F91B,"Fist, left, leftwards, Left-Facing Fist",Julian GrÃ¼neberg
ğŸ¤œ,1F91C,"Right, fist, rightwards, right-Facing Fist",Julian GrÃ¼neberg
ğŸ¤,1F91D,"Shaking Hands, agreement, hand, meeting, shake, hello, bye, goodbye",Julian GrÃ¼neberg
ğŸ¤,1F91E,"Fingers Crossed, crossed, fingers, Good Luck, luck",Julian GrÃ¼neberg
âœŒï¸,270C,"hand, v, victory, Air Quotes, quotes, Peace, Peace Sign, V Sign",Julian GrÃ¼neberg
âœï¸,270D,"Writing Hand, Writing, Write",Julian GrÃ¼neberg
ğŸ‘€,1F440,"eye, face, eyes",Julian GrÃ¼neberg
ğŸ‘ï¸,1F441,"eye, face",Julian GrÃ¼neberg
ğŸ‘‚ï¸,1F442,"ear, hear, listen",Julian GrÃ¼neberg
ğŸ‘ƒ,1F443,"nose, smell",Julian GrÃ¼neberg
ğŸ‘„,1F444,"lips, kiss, mouth",Julian GrÃ¼neberg
ğŸ‘…,1F445,"tongue, kiss, lick, licking",Julian GrÃ¼neberg
ğŸ–•,1F595,"finger, hand, fingering",Julian GrÃ¼neberg
ğŸ™,1F64F,"ask, bow, folded, gesture, hand, please, pray, thanks",Julian GrÃ¼neberg
ğŸ¤Ÿ,1F91F,"hand, love, heavy metal",Julian GrÃ¼neberg
ğŸ¤²,1F932,"prayer, pray, god",Julian GrÃ¼neberg
ğŸ§ ,1F9E0,"brain, intelligent, clever",Julian GrÃ¼neberg
âœŠ,270A,"clenched, fist, hand, punch",Julian GrÃ¼neberg
âœ‹,270B,"raise, raised, raised hand, hand",Julian GrÃ¼neberg
ğŸ‘ï¸â€ğŸ—¨ï¸,1F441-FE0F-200D-1F5E8-FE0F,"eye, speech bubble, witness",Julian GrÃ¼neberg
ğŸ‘£,1F463,"clothing, footprint, print",Julian GrÃ¼neberg
ğŸ––,1F596,"finger, hand, spock, vulcan",Julian GrÃ¼neberg
ğŸ¤³,1F933,"camera, phone",Julian GrÃ¼neberg
â˜ï¸,261D,"finger, hand, index, point, up",Julian GrÃ¼neberg
ğŸ““,1F4D3,"book, read, write",Jonas RoÃŸner
ğŸ“•,1F4D5,"book, read, write, closed",Jonas RoÃŸner
ğŸ“–,1F4D6,"book, read, write, open",Jonas RoÃŸner
ğŸ“šï¸,1F4DA,"book, read, write",Jonas RoÃŸner
ğŸ“„,1F4C4,"write, text, paper",Jonas RoÃŸner
ğŸ“°,1F4F0,"read, news, paper, text",Jonas RoÃŸner
ğŸ”–,1F516,"remember,",Jonas RoÃŸner
ğŸ·ï¸,1F3F7,"stick,",Jonas RoÃŸner
ğŸ“ƒ,1F4C3,"rolled, page, text",Jonas RoÃŸner
ğŸ“’,1F4D2,"book, read, write",Jonas RoÃŸner
ğŸ“œ,1F4DC,"old, papyrus, text",Jonas RoÃŸner
ğŸ˜¸,1F638,grinning,Emily JÃ¤ger
ğŸ˜¹,1F639,"laughing, smile",Emily JÃ¤ger
ğŸ˜º,1F63A,grinning,Emily JÃ¤ger
ğŸ˜»,1F63B,"hearts, red",Emily JÃ¤ger
ğŸ˜¼,1F63C,,Emily JÃ¤ger
ğŸ˜½,1F63D,,Emily JÃ¤ger
ğŸ˜¾,1F63E,"sad, angry",Emily JÃ¤ger
ğŸ˜¿,1F63F,"unhappy, depressed",Emily JÃ¤ger
ğŸ™€,1F640,wow,Emily JÃ¤ger
ğŸ“ï¸,1F393,,Jonas RoÃŸner
ğŸ‘‘,1F451,"crone, gold,",Jonas RoÃŸner
ğŸ‘“ï¸,1F453,,Jonas RoÃŸner
ğŸ’,1F48E,"expensive,",Jonas RoÃŸner
ğŸ•¶ï¸,1F576,sunglasses,Jonas RoÃŸner
ğŸ›ï¸,1F6CD,"buy,",Jonas RoÃŸner
ğŸ’,1F392,"young,",Jonas RoÃŸner
ğŸ©,1F3A9,"magic,",Jonas RoÃŸner
ğŸ‘’,1F452,"beautiful,",Jonas RoÃŸner
ğŸ‘”,1F454,"cravatte, smart",Jonas RoÃŸner
ğŸ‘•,1F455,,Jonas RoÃŸner
ğŸ‘–,1F456,,Jonas RoÃŸner
ğŸ‘—,1F457,"beautiful, dress, woman",Jonas RoÃŸner
ğŸ‘˜,1F458,"japan, clothing",Jonas RoÃŸner
ğŸ‘™,1F459,"summer,",Jonas RoÃŸner
ğŸ‘š,1F45A,,Jonas RoÃŸner
ğŸ‘›,1F45B,"money,",Jonas RoÃŸner
ğŸ‘œ,1F45C,,Jonas RoÃŸner
ğŸ‘,1F45D,,Jonas RoÃŸner
ğŸ‘,1F45E,,Jonas RoÃŸner
ğŸ‘Ÿ,1F45F,,Jonas RoÃŸner
ğŸ‘ ,1F460,,Jonas RoÃŸner
ğŸ‘¡,1F461,,Jonas RoÃŸner
ğŸ‘¢,1F462,,Jonas RoÃŸner
ğŸ’,1F48D,"expensive, jewelry",Jonas RoÃŸner
ğŸ“¿,1F4FF,"expensive, jewelry",Jonas RoÃŸner
ğŸ’»ï¸,1F4BB,"old, retro",Jonas RoÃŸner
ğŸ’½,1F4BD,"old, retro",Jonas RoÃŸner
ğŸ’¾,1F4BE,"old, retro",Jonas RoÃŸner
ğŸ”‹,1F50B,"electricity, energy, electric",Jonas RoÃŸner
ğŸ”Œ,1F50C,,Jonas RoÃŸner
ğŸ–¥ï¸,1F5A5,"electric, screen",Jonas RoÃŸner
ğŸ–±ï¸,1F5B1,"electric, computer, mouse",Jonas RoÃŸner
ğŸ–¨ï¸,1F5A8,"color, electric",Jonas RoÃŸner
âŒ¨ï¸,2328,"key, write, electric",Jonas RoÃŸner
ğŸ’¿ï¸,1F4BF,"analog,",Jonas RoÃŸner
ğŸ“€,1F4C0,film,Jonas RoÃŸner
ğŸ”ª,1F52A,eat,Jonas RoÃŸner
ğŸ´,1F374,eat,Jonas RoÃŸner
ğŸ½ï¸,1F37D,eat,Jonas RoÃŸner
ğŸ¥„,1F944,"metal, spoon, eat",Jonas RoÃŸner
ğŸ¥¢,1F962,"sticks, eat, chopstick",Jonas RoÃŸner
ğŸ·,1F377,"classic, drink, beverage, alcohol",Laura Humpfer
ğŸ¸ï¸,1F378,"classic, alcohol, elegant, party",Laura Humpfer
ğŸ¹,1F379,"cocktail, glass, drink, party, summer, party",Laura Humpfer
ğŸº,1F37A,"beer, german, alcohol, bavaria, party",Laura Humpfer
ğŸ»,1F37B,"beer, german, party, alcohol, bavaria, party",Laura Humpfer
ğŸ¼,1F37C,"baby, drink, sweet",Laura Humpfer
ğŸ¥‚,1F942,"party, secco,",Laura Humpfer
ğŸ¥¤,1F964,"beverage, fastfood",Laura Humpfer
â˜•ï¸,2615,,Laura Humpfer
ğŸµ,1F375,"glass, hot",Laura Humpfer
ğŸ¶,1F376,,Laura Humpfer
ğŸ¾,1F37E,"party, celebrate, event",Laura Humpfer
ğŸ¥ƒ,1F943,"alcohol, classic",Laura Humpfer
ğŸ¥›,1F95B,,Laura Humpfer
â¤ï¸,2764,"love, red",Laura Humpfer
ğŸ’‹,1F48B,love,Laura Humpfer
ğŸ’”,1F494,heartbreak,Laura Humpfer
ğŸ’•,1F495,,Laura Humpfer
ğŸ’˜,1F498,"love, inlove",Laura Humpfer
ğŸ’¬,1F4AC,talk,Laura Humpfer
ğŸ’­,1F4AD,think,Laura Humpfer
ğŸ’“,1F493,love,Laura Humpfer
ğŸ’–,1F496,"love, inlove",Laura Humpfer
ğŸ’—,1F497,"love, inlove",Laura Humpfer
ğŸ’£ï¸,1F4A3,explosion,Laura Humpfer
ğŸ’¥,1F4A5,explosion,Laura Humpfer
ğŸ’¨,1F4A8,,Laura Humpfer
â£ï¸,2763,,Laura Humpfer
ğŸ’Œ,1F48C,,Laura Humpfer
ğŸ’™,1F499,,Laura Humpfer
ğŸ’š,1F49A,,Laura Humpfer
ğŸ’›,1F49B,,Laura Humpfer
ğŸ’œ,1F49C,,Laura Humpfer
ğŸ’,1F49D,"present, love",Laura Humpfer
ğŸ’,1F49E,,Laura Humpfer
ğŸ’Ÿ,1F49F,,Laura Humpfer
ğŸ’¤,1F4A4,night,Laura Humpfer
ğŸ’¦,1F4A6,,Laura Humpfer
ğŸ’«,1F4AB,shootingstar,Laura Humpfer
ğŸ•³ï¸,1F573,,Laura Humpfer
ğŸ–¤,1F5A4,,Laura Humpfer
ğŸ—¨ï¸,1F5E8,,Laura Humpfer
ğŸ—¯ï¸,1F5EF,,Laura Humpfer
ğŸ,1F381,"present, birthday, christmas",Laura Humpfer
ğŸƒ,1F383,pumpkin,Laura Humpfer
ğŸ„,1F384,,Laura Humpfer
ğŸˆ,1F388,"balloon, birthday, party, decoration",Laura Humpfer
ğŸ‰,1F389,"decoration, happy",Laura Humpfer
ğŸŠ,1F38A,"decoration, happy",Laura Humpfer
ğŸ—ï¸,1F397,,Laura Humpfer
ğŸ«,1F3AB,,Laura Humpfer
âœ¨,2728,"magic, beautiful",Laura Humpfer
ğŸ€,1F380,"present, gift, decoration, party, girl, girly, fashion",Laura Humpfer
ğŸ‹,1F38B,,Laura Humpfer
ğŸ,1F38E,,Laura Humpfer
ğŸŸï¸,1F39F,,Laura Humpfer
ğŸ‘¿,1F47F,mean,Mariella Steeb
ğŸ’€,1F480,skull,Mariella Steeb
ğŸ’©,1F4A9,,Mariella Steeb
ğŸ˜ˆ,1F608,"malicious, sardonic",Mariella Steeb
ğŸ¤–,1F916,,Mariella Steeb
â˜ ï¸,2620,,Mariella Steeb
ğŸ‘»,1F47B,ghost,Mariella Steeb
ğŸ‘½ï¸,1F47D,alien,Mariella Steeb
â˜¹ï¸,2639,negative,Mariella Steeb
ğŸ˜–,1F616,,Mariella Steeb
ğŸ˜,1F61E,,Mariella Steeb
ğŸ˜Ÿ,1F61F,,Mariella Steeb
ğŸ˜ ,1F620,,Mariella Steeb
ğŸ˜¡,1F621,,Mariella Steeb
ğŸ˜¢,1F622,,Mariella Steeb
ğŸ˜¤,1F624,,Mariella Steeb
ğŸ˜¦,1F626,,Mariella Steeb
ğŸ˜§,1F627,,Mariella Steeb
ğŸ˜¨,1F628,,Mariella Steeb
ğŸ˜©,1F629,distraught,Mariella Steeb
ğŸ˜¬,1F62C,awkward,Mariella Steeb
ğŸ˜­,1F62D,,Mariella Steeb
ğŸ˜°,1F630,"anxious, worried, considerate",Mariella Steeb
ğŸ˜±,1F631,open mouth,Mariella Steeb
ğŸ˜³,1F633,red jaws,Mariella Steeb
ğŸ˜µ,1F635,dead eyes,Mariella Steeb
ğŸ™,1F641,,Mariella Steeb
ğŸ¤¬,1F92C,angry,Mariella Steeb
ğŸ¤ª,1F92A,,Mariella Steeb
ğŸ¤¯,1F92F,explosion,Mariella Steeb
ğŸ˜Œ,1F60C,,Mariella Steeb
ğŸ˜,1F60F,,Mariella Steeb
ğŸ˜ï¸,1F610,,Mariella Steeb
ğŸ˜‘,1F611,,Mariella Steeb
ğŸ˜’,1F612,,Mariella Steeb
ğŸ˜“,1F613,,Mariella Steeb
ğŸ˜”,1F614,,Mariella Steeb
ğŸ˜•,1F615,,Mariella Steeb
ğŸ˜›,1F61B,,Mariella Steeb
ğŸ˜œ,1F61C,,Mariella Steeb
ğŸ˜,1F61D,,Mariella Steeb
ğŸ˜£,1F623,,Mariella Steeb
ğŸ˜¥,1F625,,Mariella Steeb
ğŸ˜ª,1F62A,"snot bubble, side-tear",Mariella Steeb
ğŸ˜«,1F62B,exhausted,Mariella Steeb
ğŸ˜®,1F62E,,Mariella Steeb
ğŸ˜¯,1F62F,,Mariella Steeb
ğŸ˜²,1F632,,Emily JÃ¤ger
ğŸ˜´,1F634,tired,Emily JÃ¤ger
ğŸ˜¶,1F636,shhh,Emily JÃ¤ger
ğŸ™ƒ,1F643,turn,Emily JÃ¤ger
ğŸ™„,1F644,annoyed,Emily JÃ¤ger
ğŸ¤,1F910,,Emily JÃ¤ger
ğŸ¤”,1F914,"hand, overthinking",Emily JÃ¤ger
ğŸ¤‘,1F911,"tongue, dollar",Emily JÃ¤ger
ğŸ¤¤,1F924,"hungry, yummi",Emily JÃ¤ger
ğŸ¤¨,1F928,suspiciously,Emily JÃ¤ger
ğŸ˜€,1F600,"smile, happy",Emily JÃ¤ger
ğŸ˜,1F601,"happy, teeth, mouth",Emily JÃ¤ger
ğŸ˜‚,1F602,,Emily JÃ¤ger
ğŸ˜„,1F604,"happy, teeth",Emily JÃ¤ger
ğŸ˜…,1F605,laugh,Emily JÃ¤ger
ğŸ˜†,1F606,,Emily JÃ¤ger
ğŸ˜‰,1F609,eye,Emily JÃ¤ger
ğŸ˜Š,1F60A,satisfied,Emily JÃ¤ger
ğŸ˜‹,1F60B,"yummi, tongue",Emily JÃ¤ger
ğŸ˜,1F60D,"hearts, happy",Emily JÃ¤ger
ğŸ˜,1F60E,,Emily JÃ¤ger
ğŸ˜˜,1F618,"love, happy",Emily JÃ¤ger
ğŸ˜š,1F61A,"love, happy",Emily JÃ¤ger
ğŸ™‚,1F642,satisfied,Emily JÃ¤ger
ğŸ¤£,1F923,tears,Emily JÃ¤ger
â˜ºï¸,263A,satisfied,Emily JÃ¤ger
ğŸ˜ƒ,1F603,"eyes, teeth",Emily JÃ¤ger
ğŸ˜—,1F617,,Emily JÃ¤ger
ğŸ˜™,1F619,,Emily JÃ¤ger
ğŸ¤—,1F917,hands,Emily JÃ¤ger
ğŸ¤©,1F929,suprised,Emily JÃ¤ger
ğŸ˜‡,1F607,,Emily JÃ¤ger
ğŸ¤“,1F913,"glasses, learning",Emily JÃ¤ger
ğŸ¤ ,1F920,howdy,Emily JÃ¤ger
ğŸ¤¡,1F921,,Emily JÃ¤ger
ğŸ¤¥,1F925,"nose, long",Emily JÃ¤ger
ğŸ¤«,1F92B,"hand, silent",Emily JÃ¤ger
ğŸ¤­,1F92D,"hand, mouth",Emily JÃ¤ger
ğŸ§,1F9D0,"glasses, intelligent",Emily JÃ¤ger
ğŸ˜·,1F637,ill,Emily JÃ¤ger
ğŸ¤’,1F912,fever,Emily JÃ¤ger
ğŸ¤•,1F915,head,Emily JÃ¤ger
ğŸ¤¢,1F922,green,Emily JÃ¤ger
ğŸ¤®,1F92E,,Emily JÃ¤ger
ğŸ¤§,1F927,tissue,Emily JÃ¤ger
ğŸ’,1F48F,"man, woman, face, kiss, boy, girl",Lisa Schulz
ğŸ’‘,1F491,"man, woman, heart",Lisa Schulz
ğŸ‘¨â€ğŸ‘©â€ğŸ‘§,1F468-200D-1F469-200D-1F467,child,Lisa Schulz
ğŸ‘¨â€â¤ï¸â€ğŸ‘¨,1F468-200D-2764-FE0F-200D-1F468,gay,Lisa Schulz
ğŸ‘¨â€â¤ï¸â€ğŸ’‹â€ğŸ‘¨,1F468-200D-2764-FE0F-200D-1F48B-200D-1F468,gay,Lisa Schulz
ğŸ‘©â€â¤ï¸â€ğŸ‘¨,1F469-200D-2764-FE0F-200D-1F468,,Lisa Schulz
ğŸ‘©â€â¤ï¸â€ğŸ‘©,1F469-200D-2764-FE0F-200D-1F469,"lesbian, girlfried",Lisa Schulz
ğŸ‘©â€â¤ï¸â€ğŸ’‹â€ğŸ‘¨,1F469-200D-2764-FE0F-200D-1F48B-200D-1F468,,Lisa Schulz
ğŸ‘©â€â¤ï¸â€ğŸ’‹â€ğŸ‘©,1F469-200D-2764-FE0F-200D-1F48B-200D-1F469,"lesbian, girlfriend",Lisa Schulz
ğŸ‘ªï¸,1F46A,"man, woman, boy, child",Lisa Schulz
ğŸ‘«,1F46B,"together, heterosexual, straight",Lisa Schulz
ğŸ‘¬,1F46C,"together, gay, homosexual",Lisa Schulz
ğŸ‘­,1F46D,"together, girlfriend, lesbian, homosexual",Lisa Schulz
ğŸ,1F3C1,"black, white, grid, racing",Lisa Schulz
ğŸ³ï¸,1F3F3,white,Lisa Schulz
ğŸ³ï¸â€ğŸŒˆ,1F3F3-FE0F-200D-1F308,color,Lisa Schulz
ğŸ´,1F3F4,,Lisa Schulz
ğŸ™,1F359,,Miriam Vollmeier
ğŸš,1F35A,,Miriam Vollmeier
ğŸ£,1F363,,Miriam Vollmeier
ğŸ˜,1F358,,Miriam Vollmeier
ğŸ,1F35D,,Miriam Vollmeier
ğŸ ,1F360,,Miriam Vollmeier
ğŸ¡,1F361,,Miriam Vollmeier
ğŸ¢,1F362,,Miriam Vollmeier
ğŸ¤,1F364,,Miriam Vollmeier
ğŸ±,1F371,,Miriam Vollmeier
ğŸ‰,1F349,"melon, red",Marius Schnabel
ğŸ‹,1F34B,yellow,Marius Schnabel
ğŸŒ,1F34C,yellow,Marius Schnabel
ğŸ‘,1F351,"pink, red",Marius Schnabel
ğŸ…,1F345,red,Marius Schnabel
ğŸ,1F34D,tropical,Marius Schnabel
ğŸ,1F34F,,Marius Schnabel
ğŸ,1F350,green,Marius Schnabel
ğŸ’,1F352,,Marius Schnabel
ğŸ¥,1F95D,green,Marius Schnabel
ğŸ¥¥,1F965,nut,Marius Schnabel
ğŸŒ­,1F32D,,Miriam Vollmeier
ğŸŒ¯,1F32F,,Miriam Vollmeier
ğŸ”,1F354,,Miriam Vollmeier
ğŸ•,1F355,,Miriam Vollmeier
ğŸ–,1F356,,Miriam Vollmeier
ğŸ—,1F357,,Miriam Vollmeier
ğŸ,1F35E,,Miriam Vollmeier
ğŸŸ,1F35F,,Miriam Vollmeier
ğŸ³,1F373,,Miriam Vollmeier
ğŸŒ®,1F32E,,Miriam Vollmeier
ğŸ²,1F372,,Miriam Vollmeier
ğŸ¿,1F37F,,Miriam Vollmeier
ğŸ¥,1F950,,Miriam Vollmeier
ğŸ¥“,1F953,,Miriam Vollmeier
ğŸ¥–,1F956,,Miriam Vollmeier
ğŸ¥š,1F95A,,Miriam Vollmeier
ğŸ¥£,1F963,,Miriam Vollmeier
ğŸ¥¨,1F968,,Miriam Vollmeier
ğŸ¥©,1F969,,Miriam Vollmeier
ğŸ¥ª,1F96A,,Miriam Vollmeier
ğŸ§€,1F9C0,,Miriam Vollmeier
ğŸ¦,1F366,,Miriam Vollmeier
ğŸ©,1F369,,Miriam Vollmeier
ğŸª,1F36A,,Miriam Vollmeier
ğŸ«,1F36B,,Miriam Vollmeier
ğŸ¬,1F36C,,Miriam Vollmeier
ğŸ­,1F36D,,Miriam Vollmeier
ğŸ°,1F370,,Miriam Vollmeier
ğŸ‚,1F382,,Miriam Vollmeier
ğŸ§,1F367,,Miriam Vollmeier
ğŸ¨,1F368,,Miriam Vollmeier
ğŸ®,1F36E,,Miriam Vollmeier
ğŸ¯,1F36F,,Miriam Vollmeier
ğŸ¥§,1F967,,Miriam Vollmeier
ğŸ†,1F346,purple,Marius Schnabel
ğŸŒ¶ï¸,1F336,red,Marius Schnabel
ğŸŒ½,1F33D,yellow,Marius Schnabel
ğŸ„,1F344,mushroom,Marius Schnabel
ğŸ¥‘,1F951,avocado,Marius Schnabel
ğŸ¥’,1F952,,Marius Schnabel
ğŸ¥”,1F954,,Marius Schnabel
ğŸ¥•,1F955,,Marius Schnabel
ğŸ¥œ,1F95C,,Marius Schnabel
ğŸ¥¦,1F966,,Marius Schnabel
ğŸ®ï¸,1F3AE,gamble,Lisa Schulz
ğŸ²,1F3B2,board game,Lisa Schulz
ğŸ•¹ï¸,1F579,,Lisa Schulz
ğŸ”˜,1F518,,Lisa Schulz
ğŸ”º,1F53A,arrow,Lisa Schulz
ğŸ”»,1F53B,arrow,Lisa Schulz
ğŸš½,1F6BD,,Lisa Schulz
ğŸ›ï¸,1F6CF,furniture,Lisa Schulz
ğŸšª,1F6AA,,Lisa Schulz
ğŸš¿,1F6BF,wash,Lisa Schulz
ğŸ›,1F6C1,"wash, water, foam",Lisa Schulz
ğŸ›‹ï¸,1F6CB,furniture,Lisa Schulz
ğŸ’¡,1F4A1,"shine, light, bulb, power, on, electric, idea",Sina Schulz
ğŸ“¹ï¸,1F4F9,"record, recording, film, movie",Sina Schulz
ğŸ“ºï¸,1F4FA,"flat screen, tv, modern",Sina Schulz
ğŸ”ï¸,1F50D,"detail, big, zoom, detective",Sina Schulz
ğŸ”¦,1F526,"bright, shine, light, flashlight, gadget",Sina Schulz
ğŸï¸,1F39E,"clip, film",Sina Schulz
ğŸ¥,1F3A5,"film, record",Sina Schulz
ğŸ¬ï¸,1F3AC,"cut, new recording",Sina Schulz
ğŸ“·ï¸,1F4F7,"camera, digital",Sina Schulz
ğŸ“¼,1F4FC,"movie, film, vhs, cassette, record, recording",Sina Schulz
ğŸ“½ï¸,1F4FD,"play, film clip, movie",Sina Schulz
ğŸ“¡,1F4E1,"signal, receive, radiation",Sina Schulz
ğŸ“¸,1F4F8,"camera, bright",Sina Schulz
ğŸ”,1F50E,"detail, big, zoom, detective",Sina Schulz
ğŸ”­,1F52D,"stars, sky, space",Sina Schulz
ğŸ•¯ï¸,1F56F,"fire, bright, shine",Sina Schulz
ğŸ”‘,1F511,closing,Lisa Schulz
ğŸ”’ï¸,1F512,"locker, padlock",Lisa Schulz
ğŸ”“ï¸,1F513,"locker, padlock",Lisa Schulz
ğŸ”,1F510,,Lisa Schulz
ğŸ—ï¸,1F5DD,,Lisa Schulz
âœ‰ï¸,2709,"post, message",Marius Schnabel
ğŸ“§,1F4E7,"message, eletronic",Marius Schnabel
ğŸ“¦ï¸,1F4E6,"shipping, post",Marius Schnabel
ğŸ“¤ï¸,1F4E4,post,Marius Schnabel
ğŸ“¥ï¸,1F4E5,post,Marius Schnabel
ğŸ“©,1F4E9,post,Marius Schnabel
ğŸ“ªï¸,1F4EA,post,Marius Schnabel
ğŸ“«ï¸,1F4EB,post,Marius Schnabel
ğŸ“®,1F4EE,post,Marius Schnabel
ğŸ’‰,1F489,health,Marius Schnabel
ğŸ’Š,1F48A,health,Marius Schnabel
ğŸ’°ï¸,1F4B0,,Marius Schnabel
ğŸ’¸,1F4B8,,Marius Schnabel
ğŸ’³ï¸,1F4B3,,Marius Schnabel
ğŸ’´,1F4B4,,Marius Schnabel
ğŸ’µ,1F4B5,,Marius Schnabel
ğŸ’¶,1F4B6,,Marius Schnabel
ğŸ’·,1F4B7,,Marius Schnabel
ğŸ™ˆ,1F648,,Mariella Steeb
ğŸ™‰,1F649,,Mariella Steeb
ğŸ™Š,1F64A,,Mariella Steeb
ğŸ§ï¸,1F3A7,"music, headphones",Sina Schulz
ğŸ“»ï¸,1F4FB,"radio, stereo radio, analog radio",Sina Schulz
ğŸšï¸,1F39A,"studio, music slider",Sina Schulz
ğŸ¤,1F3A4,"sound, loud, stage, speech, singing, karaoke, mic, microphone, tone",Sina Schulz
ğŸµ,1F3B5,"song, melody, sounds, tone",Sina Schulz
ğŸ¶,1F3B6,"melody, harmony, sounds, rhythm",Sina Schulz
ğŸ™ï¸,1F399,"studio, microphone, stereo, recording",Sina Schulz
ğŸ›ï¸,1F39B,"music, mix, recording, tool, knobs",Sina Schulz
ğŸ¼,1F3BC,"violin key, rhythm",Sina Schulz
ğŸ¥,1F941,"drum, drumsticks, music, beat",Sina Schulz
ğŸ·,1F3B7,"saxophone, sax, jazz, instrument",Sina Schulz
ğŸ¸,1F3B8,"guitar, e-guitar, instrumental, acoustic, chords,",Sina Schulz
ğŸ¹,1F3B9,"keyboard, piano keys, chords",Sina Schulz
ğŸº,1F3BA,"trumpet, horns, music, woodwind instrument",Sina Schulz
ğŸ»,1F3BB,"string, violin, fiddle, bow",Sina Schulz
ğŸ’¼,1F4BC,"bag, briefcase, office bag, leather bag",Sina Schulz
ğŸ“,1F4C1,"file, folder, paper, organise, structure, office, box",Sina Schulz
ğŸ“…,1F4C5,"calendar, day view, pages, analog",Sina Schulz
ğŸ“‹ï¸,1F4CB,"board, clip, metal, wood, handwriting",Sina Schulz
ğŸ“Œ,1F4CC,"pin, wall, push, paper",Sina Schulz
ğŸ“,1F4CE,"office, paperclip, organisation",Sina Schulz
âœ‚ï¸,2702,"scissors, cut, cutting, tool, work, paper, material",Sina Schulz
ğŸ“‚,1F4C2,"open file, folder, organise, structure, office, box",Sina Schulz
ğŸ“†,1F4C6,"calendar, tear off",Sina Schulz
ğŸ“Š,1F4CA,"data, chart, sheet, graph",Sina Schulz
ğŸ“,1F4CD,"pin, wall, push, paper, notes",Sina Schulz
ğŸ—‘ï¸,1F5D1,"paper, bin, trash",Sina Schulz
ğŸ—’ï¸,1F5D2,"notes, handwrite, paper, pen, spiral block, college",Sina Schulz
ğŸ“ˆ,1F4C8,"graph going up, upward trend",Sina Schulz
ğŸ“‰,1F4C9,"graph going down, downtrend",Sina Schulz
ğŸ“,1F4CF,"ruler, straight, line, measure, detail",Sina Schulz
ğŸ“,1F4D0,"triangle, ruler, line, measure, detail",Sina Schulz
ğŸ—ƒï¸,1F5C3,"card, file, system, organising, structure, tidy",Sina Schulz
ğŸ—„ï¸,1F5C4,"box, file system, cabinet, file organising",Sina Schulz
ğŸ—“ï¸,1F5D3,"calendar, year, month view",Sina Schulz
ğŸ›’,1F6D2,,Marius Schnabel
ğŸ”®,1F52E,mystery,Marius Schnabel
ğŸ—¿,1F5FF,"stone, easter island",Marius Schnabel
ğŸš¬,1F6AC,"tobacco, smoke",Marius Schnabel
âš°ï¸,26B0,"funeral, dead",Marius Schnabel
âœ”ï¸,2714,"check, mark, right, todo",Hilda Kalyoncu
âœ–ï¸,2716,"multiplication, x, cancel, wrong",Hilda Kalyoncu
âŒ,274C,"cancel, wrong, multiply, x,",Hilda Kalyoncu
â˜‘ï¸,2611,"check, right, box",Hilda Kalyoncu
â™€ï¸,2640,"woman, sign, gender",Hilda Kalyoncu
â™‚ï¸,2642,"man, sign, gender",Hilda Kalyoncu
âœ…,2705,"check, mark, white, right",Hilda Kalyoncu
â“ï¸,2753,"question, punctation",Hilda Kalyoncu
â”,2754,"punctation, mark, question, white",Hilda Kalyoncu
â•,2755,"exclamation, mark, punctation, white",Hilda Kalyoncu
â—ï¸,2757,"exclamation, mark, punctation",Hilda Kalyoncu
â•,2795,"math, plus, sign",Hilda Kalyoncu
â–,2796,"math, minus, sign",Hilda Kalyoncu
â—,2797,"math, division, sign",Hilda Kalyoncu
â™»ï¸,267B,"recycle, nature",Hilda Kalyoncu
â,274E,"mark, square, button",Hilda Kalyoncu
â­•ï¸,2B55,"circle, red",Hilda Kalyoncu
âš•ï¸,2695,"medical, staff",Hilda Kalyoncu
ã€°ï¸,3030,"dash, punctuation, wavy",Hilda Kalyoncu
Â©ï¸,00A9,"copyright, c, sign",Hilda Kalyoncu
Â®ï¸,00AE,"registered, r, sign",Hilda Kalyoncu
ğŸ”±,1F531,"trident, emblem",Hilda Kalyoncu
ğŸ‘¦,1F466,"human, person",Johanna Wellnitz
ğŸ‘§,1F467,"human, person",Johanna Wellnitz
ğŸ‘¨,1F468,"human, person",Johanna Wellnitz
ğŸ‘©,1F469,"human, person",Johanna Wellnitz
ğŸ‘´,1F474,"grandpa, human, person",Johanna Wellnitz
ğŸ‘µ,1F475,"grandma, human, person",Johanna Wellnitz
ğŸ‘¶,1F476,"human, person",Johanna Wellnitz
ğŸ§‘,1F9D1,"human, person",Johanna Wellnitz
ğŸ§’,1F9D2,"human, person",Johanna Wellnitz
ğŸ§“,1F9D3,"human, person",Johanna Wellnitz
ğŸ‘¤,1F464,"human, person",Johanna Wellnitz
ğŸ‘¥,1F465,"human, person",Johanna Wellnitz
ğŸ’ƒ,1F483,"human, person",Johanna Wellnitz
ğŸ•º,1F57A,"human, person",Johanna Wellnitz
ğŸ—£ï¸,1F5E3,"human, person",Johanna Wellnitz
ğŸš¶,1F6B6,"human, person",Johanna Wellnitz
ğŸƒ,1F3C3,"human, person",Johanna Wellnitz
ğŸ‘¯,1F46F,"human, person",Johanna Wellnitz
ğŸ’†,1F486,"human, person",Johanna Wellnitz
ğŸ’‡,1F487,"human, person",Johanna Wellnitz
ğŸš¶â€â™€ï¸,1F6B6-200D-2640-FE0F,"human, person",Johanna Wellnitz
ğŸš¶â€â™‚ï¸,1F6B6-200D-2642-FE0F,"human, person",Johanna Wellnitz
ğŸ›Œ,1F6CC,"human, person",Johanna Wellnitz
ğŸ§—,1F9D7,"human, person",Johanna Wellnitz
ğŸ§˜,1F9D8,"human, person, exercise",Johanna Wellnitz
ğŸ…,1F385,"christmas, holiday, jolly, happy, saint nicholas, santa claus, xmas, celebration",Lisa Thiel
ğŸ¤¶,1F936,"christmas, holiday, jolly, happy, mrs. clause, xmas, celebration",Lisa Thiel
ğŸ§™,1F9D9,"sorcerer, sorceress, witch, wizard, magician, wand, sage",Lisa Thiel
ğŸ§,1F9DD,"magical, mystic, bow, arrow, pointy ears",Lisa Thiel
ğŸ§,1F9DE,"djinn, magic lamp, wish, magic",Lisa Thiel
ğŸ§Ÿ,1F9DF,"undead, walking dead, brain, decayed",Lisa Thiel
ğŸ’,1F481,"human, head, face",Johanna Wellnitz
ğŸ™…,1F645,"human, head, face",Johanna Wellnitz
ğŸ™‹,1F64B,"human, head, face",Johanna Wellnitz
ğŸ¤¦,1F926,"facepalm, human, head, face",Johanna Wellnitz
ğŸ¤·,1F937,"human, head, face",Johanna Wellnitz
ğŸ™†,1F646,"human, head, face",Johanna Wellnitz
ğŸ™‡,1F647,"human, head, face",Johanna Wellnitz
ğŸ™,1F64D,"negative, angry, head, face",Johanna Wellnitz
ğŸ™,1F64E,"sad, negative, head, face",Johanna Wellnitz
ğŸ¤¦â€â™€ï¸,1F926-200D-2640-FE0F,"facepalm, head, face",Johanna Wellnitz
ğŸ¤¦â€â™‚ï¸,1F926-200D-2642-FE0F,"facepalm, head, face",Johanna Wellnitz
ğŸ‘¨â€ğŸŒ¾,1F468-200D-1F33E,"farmer, gardener, man, rancher, pitchfork, strawhat",Lisa Thiel
ğŸ‘¨â€ğŸ³,1F468-200D-1F373,"chef, cook, man, toque, chef's hat, food, cooking",Lisa Thiel
ğŸ‘¨â€ğŸ“,1F468-200D-1F393,"graduate, man, student, black robe, collegian, undergraduate, graduation",Lisa Thiel
ğŸ‘¨â€ğŸ¤,1F468-200D-1F3A4,"actor, entertainer, man, rock, singer, star, microphone, musician",Lisa Thiel
ğŸ‘¨â€ğŸ¨,1F468-200D-1F3A8,"artist, man, palette, brush, beret, french hat, colors, painter, art, drawing, painting, illustrator, illustrating, creative, creativity",Lisa Thiel
ğŸ‘¨â€ğŸ«,1F468-200D-1F3EB,"instructor, man, professor, teacher, lecturer, educator, chalkboard",Lisa Thiel
ğŸ‘¨â€ğŸ­,1F468-200D-1F3ED,"assembly, factory, industrial, man, worker, welder, welding, welding helmet",Lisa Thiel
ğŸ‘¨â€ğŸ’»,1F468-200D-1F4BB,"coder, developer, inventor, man, software, technologist, tablet, graphs, glasses, smart, clever, coding, code",Lisa Thiel
ğŸ‘¨â€ğŸ’¼,1F468-200D-1F4BC,"architect, business, man, manager, office, white-collar, papers, copy",Lisa Thiel
ğŸ‘¨â€ğŸ”§,1F468-200D-1F527,"electrician, man, mechanic, plumber, tradesperson, wrench, overalls, blue hat, auto mechanic",Lisa Thiel
ğŸ‘¨â€ğŸ”¬,1F468-200D-1F52C,"biologist, chemist, engineer, man, mathematician, physicist, scientist, experiment, laboratory, lab, erlenmeyer flask, safety glasses",Lisa Thiel
ğŸ‘¨â€ğŸš€,1F468-200D-1F680,"astronaut, man, rocket, spacesuit, space, universe, spaceship",Lisa Thiel
ğŸ‘¨â€ğŸš’,1F468-200D-1F692,"firefighter, firetruck, man, water hose, save, rescue, red helmet",Lisa Thiel
ğŸ‘¨â€âš•ï¸,1F468-200D-2695-FE0F,"doctor, healthcare, man, nurse, therapist, stethoscope, doctor smock",Lisa Thiel
ğŸ‘¨â€âš–ï¸,1F468-200D-2696-FE0F,"justice, man, scales, judge hammer, gavel, black robe, law, order",Lisa Thiel
ğŸ‘¨â€âœˆï¸,1F468-200D-2708-FE0F,"man, pilot, plane, flying, control stick",Lisa Thiel
ğŸ‘©â€ğŸŒ¾,1F469-200D-1F33E,"farmer, gardener, woman, rancher, pitchfork, braids",Lisa Thiel
ğŸ‘©â€ğŸ³,1F469-200D-1F373,"chef, cook, woman, toque, chef's hat, food, cooking",Lisa Thiel
ğŸ‘©â€ğŸ“,1F469-200D-1F393,"graduate, woman, student, black robe, collegian, undergraduate, graduation",Lisa Thiel
ğŸ‘©â€ğŸ¤,1F469-200D-1F3A4,"actor, entertainer, woman, rock, singer, star, microphone, musician, glamour, glamorous, dress, wavy hair",Lisa Thiel
ğŸ‘©â€ğŸ¨,1F469-200D-1F3A8,"artist, woman, palette, brush, beret, french hat, colors, painter, art, drawing, painting, illustrator, illustrating, creative, creativity",Lisa Thiel
ğŸ‘©â€ğŸ«,1F469-200D-1F3EB,"instructor, woman, professor, teacher, lecturer, educator, chalkboard",Lisa Thiel
ğŸ‘©â€ğŸ­,1F469-200D-1F3ED,"assembly, factory, industrial, woman, worker, welder, welding, welding helmet",Lisa Thiel
ğŸ‘©â€ğŸ’»,1F469-200D-1F4BB,"coder, developer, inventor, woman, software, technologist, tablet, graphs, glasses, smart, clever, coding, code",Lisa Thiel
ğŸ‘©â€ğŸ’¼,1F469-200D-1F4BC,"architect, business, woman, manager, office, white-collar, papers, copy",Lisa Thiel
ğŸ‘©â€ğŸ”§,1F469-200D-1F527,"electrician, woman, mechanic, plumber, tradesperson, wrench, overalls, blue hat, auto mechanic",Lisa Thiel
ğŸ‘©â€ğŸ”¬,1F469-200D-1F52C,"biologist, chemist, engineer, woman, mathematician, physicist, scientist, experiment, laboratory, lab, erlenmeyer flask, safety glasses",Lisa Thiel
ğŸ‘©â€ğŸš€,1F469-200D-1F680,"astronaut, woman, rocket, spacesuit, space, universe, spaceship",Lisa Thiel
ğŸ‘©â€ğŸš’,1F469-200D-1F692,"firefighter, firetruck, woman, water hose, save, rescue, red helmet",Lisa Thiel
ğŸ‘©â€âš•ï¸,1F469-200D-2695-FE0F,"doctor, healthcare, woman, nurse, therapist, stethoscope, doctor smock",Lisa Thiel
ğŸ‘©â€âš–ï¸,1F469-200D-2696-FE0F,"justice, woman, scales, judge hammer, gavel, black robe, law, order",Lisa Thiel
ğŸ‘©â€âœˆï¸,1F469-200D-2708-FE0F,"woman, pilot, plane, flying, control stick",Lisa Thiel
ğŸ‘®,1F46E,"cop, officer, police, law, justice, blue, badge",Lisa Thiel
ğŸ‘°,1F470,"bride, veil, wedding, woman, female, marriage, married, love, wedding dress",Lisa Thiel
ğŸ‘³,1F473,"man, beard, turban, religion",Lisa Thiel
ğŸ‘·,1F477,"construction, hat, worker, striped west, helmet",Lisa Thiel
ğŸ‘¸,1F478,"fairy tale, fantasy, crown, pink dress, princess crown",Lisa Thiel
ğŸ’‚,1F482,"guard, britain, great britain, queen, england, london, royal guard, furry hat guard, protection",Lisa Thiel
ğŸ•µï¸,1F575,"sleuth, spy, sherlock, investigator, magnifier, magnifying glass, cloak, coat",Lisa Thiel
ğŸ¤°,1F930,"pregnant, woman, child, birth, love, mother, motherhood, trust, baby",Lisa Thiel
ğŸ¤±,1F931,"baby, breast, nursing, love, trust, mother, motherhood",Lisa Thiel
ğŸ¤´,1F934,"prince, charming, crown, fairy tale, fantasy, pink",Lisa Thiel
ğŸ§”,1F9D4,"beard, man, facial hair, man, manly",Lisa Thiel
ğŸ§•,1F9D5,"headscarf, hijab, mantilla, religion, religious, muslim",Lisa Thiel
ğŸï¸,1F3CD,"motorsports, vehicle",Johanna Wellnitz
ğŸ‚ï¸,1F3C2,"winter, sports",Johanna Wellnitz
ğŸ„ï¸,1F3C4,"water, ocean, sea, wave, surfer, sports",Johanna Wellnitz
ğŸ‡,1F3C7,"animal, sports",Johanna Wellnitz
ğŸŠï¸,1F3CA,"sports, water",Johanna Wellnitz
ğŸ‹ï¸,1F3CB,"sports, power",Johanna Wellnitz
ğŸŒï¸,1F3CC,sports,Johanna Wellnitz
ğŸï¸,1F3CE,"sports, motor",Johanna Wellnitz
ğŸš£,1F6A3,"sports, kayak, canoe, water",Johanna Wellnitz
ğŸš´,1F6B4,sports,Johanna Wellnitz
ğŸ¤¸,1F938,sports,Johanna Wellnitz
ğŸ¤¹,1F939,artist,Johanna Wellnitz
ğŸ¤º,1F93A,"epee, sports",Johanna Wellnitz
ğŸ¤¼,1F93C,"fighting, sports",Johanna Wellnitz
ğŸ¤½,1F93D,sports,Johanna Wellnitz
ğŸ¤¾,1F93E,"sports, indoor",Johanna Wellnitz
â›·ï¸,26F7,"winter, sports",Johanna Wellnitz
â›¹ï¸,26F9,"dribble, sports",Johanna Wellnitz
ğŸ“,1F4DE,"call, voice, communication",Kai Wanschura
ğŸ“±,1F4F1,"smartphone, message, voice, communication",Martin Wehl
â˜ï¸,260E,"call, voice, communication",Kai Wanschura
ğŸ“ ,1F4E0,"office, paper, communication",Martin Wehl
ğŸ“²,1F4F2,"voice, smartphone, message",Martin Wehl
ğŸ ï¸,1F3E0,building,Martin Wehl
ğŸ˜ï¸,1F3D8,"buildings, neighbourhood",Martin Wehl
ğŸ›ï¸,1F3DB,"building, historical, old, antique",Martin Wehl
ğŸ¥,1F3E5,"building, cross, help, social, public",Martin Wehl
ğŸ«,1F3EB,"learning, public, teaching, education",Martin Wehl
ğŸ—ï¸,1F3D7,"work, building lot, crane",Martin Wehl
ğŸ™ï¸,1F3D9,"buildings, metropolis",Martin Wehl
ğŸšï¸,1F3DA,"building, old, rotten, dangerous",Martin Wehl
ğŸŸï¸,1F3DF,"building, football, sports, olympic",Martin Wehl
ğŸ¡,1F3E1,"building, grass, green, tree",Martin Wehl
ğŸ¢,1F3E2,"workplace, company, firm, business",Martin Wehl
ğŸ£,1F3E3,"delivery, mailing, communication",Martin Wehl
ğŸ¤,1F3E4,"delivery, mailing, yellow, communication",Martin Wehl
ğŸ¦,1F3E6,"money, business, finance, venture",Martin Wehl
ğŸ¨,1F3E8,"sleep, travel, business, holiday, vacation",Martin Wehl
ğŸ©,1F3E9,"building, sex, affair",Martin Wehl
ğŸª,1F3EA,"building, shopping, buying, 24",Martin Wehl
ğŸ¬,1F3EC,"building, shopping, buying",Martin Wehl
ğŸ­ï¸,1F3ED,"firm, workplace, business",Martin Wehl
ğŸ¯,1F3EF,"building, culture, historical, war",Martin Wehl
ğŸ°,1F3F0,"building, culture, historical, war",Martin Wehl
ğŸ’’,1F492,"building, love, marriage, heart",Martin Wehl
â›°ï¸,26F0,"landscape, nature, hiking, climbing, outdoor, adventure",Martin Wehl
ğŸŒ‹,1F30B,"landscape, nature, fire, smoke, hot",Martin Wehl
ğŸ”ï¸,1F3D4,"landscape, nature, hiking, climbing, white, outdoor, adventure",Martin Wehl
ğŸ•ï¸,1F3D5,"nature, outdoor, tent, adventure, sleeping",Martin Wehl
ğŸ–ï¸,1F3D6,"nature, summer, sun, sand, water, holidays",Martin Wehl
ğŸœï¸,1F3DC,"nature, hot, sun, sand, dry",Martin Wehl
ğŸï¸,1F3DD,"sun, lonely, sand, water, stranded, palm, nature",Martin Wehl
ğŸï¸,1F3DE,"nature, outdoor, adventure, woods, mountain",Martin Wehl
ğŸ—»,1F5FB,"japan, japanese, geographic",Martin Wehl
ğŸŒï¸,1F30D,"geographic, continent, global, planet",Martin Wehl
ğŸŒï¸,1F30E,"geographic, continent, global, planet",Martin Wehl
ğŸŒï¸,1F30F,"geographic, continent, global, planet",Martin Wehl
ğŸŒ,1F310,"geographic, continent, global, planet, grid",Martin Wehl
ğŸ—ºï¸,1F5FA,"geographic, continent, global, planet, earth",Martin Wehl
ğŸ­ï¸,1F3AD,"culture, entertainment, education",Martin Wehl
ğŸ–¼ï¸,1F5BC,"culture, artist, entertainment",Martin Wehl
â›ºï¸,26FA,"nature, outdoor, adventure",Martin Wehl
ğŸ¨,1F3A8,"culture, artist, leisure, entertainment",Martin Wehl
ğŸª,1F3AA,"fun, leisure, entertainment, red, white",Martin Wehl
ğŸ’ˆ,1F488,"beauty, hairdresser",Martin Wehl
â›ªï¸,26EA,"religious, pray, cross, building, god, mess, faith",Martin Wehl
â›©ï¸,26E9,"religious, pray, building, god, faith",Martin Wehl
ğŸ•‹,1F54B,"religious, pray, building, god, black, mecca, faith",Martin Wehl
ğŸ•Œ,1F54C,"religious, pray, building, god, faith",Martin Wehl
ğŸ•,1F54D,"religious, pray, building, god, faith",Martin Wehl
ğŸŒ¸,1F338,"pink,",Hilda Kalyoncu
ğŸŒ¹,1F339,"rose, red, nature, present, valentines day",Hilda Kalyoncu
ğŸŒ¼,1F33C,"yellow, nature",Hilda Kalyoncu
ğŸŒ·,1F337,"pink, eastern",Hilda Kalyoncu
ğŸŒº,1F33A,pink,Hilda Kalyoncu
ğŸŒ»,1F33B,"sun, flower, yellow, summer",Hilda Kalyoncu
ğŸ’,1F490,"present, flower, tulip, bouquet",Hilda Kalyoncu
ğŸ¥€,1F940,"rose, wilted, flower, red, sad, plant",Hilda Kalyoncu
ğŸŒ²,1F332,"green, tree, fir, plant",Hilda Kalyoncu
ğŸŒ³,1F333,"green, tree, huge, plant",Hilda Kalyoncu
ğŸŒ´,1F334,"sea, vacation, beach, relax, plant",Hilda Kalyoncu
ğŸŒµ,1F335,"desert, sun, warm, hot, texas, plant",Hilda Kalyoncu
ğŸ€,1F340,"luck, four, leaf, green, plant",Hilda Kalyoncu
â˜˜ï¸,2618,"green, plant",Hilda Kalyoncu
ğŸŒ±,1F331,"farming, growing, green",Hilda Kalyoncu
ğŸŒ¿,1F33F,green,Hilda Kalyoncu
ğŸ,1F341,"autumn, colorful",Hilda Kalyoncu
âœï¸,271D,,Jose Avila
ğŸ›,1F6D0,pray,Jose Avila
â˜ªï¸,262A,,Jose Avila
â˜®ï¸,262E,,Jose Avila
â˜¯ï¸,262F,balance,Jose Avila
âš›ï¸,269B,,Jose Avila
ğŸ”¥,1F525,"fire, burn, hot, high temperature, flame, glow, flame, tool",Vanessa Boutzikoudi
âš¡ï¸,26A1,"lightning, high voltage, storm, current, voltage, volts, lights, light",Vanessa Boutzikoudi
â­ï¸,2B50,"star, shine, small planet, sky, yellow, sparkle, far away",Vanessa Boutzikoudi
â˜€ï¸,2600,"sun, sunrise, warm, sunbeams, feel good, beach, tanning, fire, fireball, hot, heavenly body",Vanessa Boutzikoudi
â˜ï¸,2601,"cloud, cloudy, rain, gray, misty, diffuse, sky, dream, fleecy clouds",Vanessa Boutzikoudi
ğŸŒˆ,1F308,"rainbow, color, colorful, colors formed in the sky, sunbeams, sunlight, facet, sparkle, unicorn",Vanessa Boutzikoudi
ğŸŒŠ,1F30A,"wave, water, salty, sea, wet, cold, sun, beach, vacation, air, surf, sough, listen",Vanessa Boutzikoudi
ğŸŒ¡ï¸,1F321,"temperatures, room temperatures, degrees, heat, warming, fever, cold, celsius, measure, sick",Vanessa Boutzikoudi
ğŸ’§,1F4A7,"drops, droplets, raindrops, wet, rain, cold, fluid, liquid, wet, puddle, pearl, tear",Vanessa Boutzikoudi
â˜‚ï¸,2602,"purple, umbrella, rain, wet, drop, raindrops",Vanessa Boutzikoudi
â˜”ï¸,2614,"umbrella, rain, raindrops, wet, drops, windy, rain falling",Vanessa Boutzikoudi
â„ï¸,2744,"snowflake, snow, ice, icy, wintry, snow storm, white, cold, frosty, season, weather, melting",Vanessa Boutzikoudi
ğŸŒ€,1F300,"whirl, swirl, spiral, funnel, rotation, rotate, air, turbulent",Vanessa Boutzikoudi
ğŸŒ™,1F319,"crescent moon, full moon, night, night sky, moon, celestial body, crescent, planet, far away",Vanessa Boutzikoudi
ğŸŒ›,1F31B,"face, first quarter, half moon, moon, full moon, night, night sky, starry sky, light, moonlight, round, celestial bodies, sickle, planet",Vanessa Boutzikoudi
ğŸŒœï¸,1F31C,"face, last quarter, half moon, moon, full moon, night, night sky, starry sky, light, moonlight, round, celestial bodies, sickle, planet",Vanessa Boutzikoudi
ğŸŒ,1F31D,"moon, full moon, night, stars, moonlight, disc, no clouds",Vanessa Boutzikoudi
ğŸŒ,1F31E,"sun, face, bright, sun, sunrise, warm, rays, beach, tanning, fire, fireball, hot, celestial bodies, star",Vanessa Boutzikoudi
ğŸŒŸ,1F31F,"star, shine, glow, bright, sparkle, small planet, sky, yellow, far away, constellation, shooting star, milky way",Vanessa Boutzikoudi
ğŸŒ ,1F320,"shooting star, star, sparkle, shine, bright, far away, sky, star sky, night, wish, lightning",Vanessa Boutzikoudi
ğŸŒ¤ï¸,1F324,"sun, behind, small, cloud, sunny, cloudy, rain, cool, sky, weather",Vanessa Boutzikoudi
ğŸŒ¥ï¸,1F325,"sun, behind, large, cloud, gray, cloudy, rain, diffuse, sky, weather",Vanessa Boutzikoudi
ğŸŒ¦ï¸,1F326,"sun, behind, rain, cloud, wet, rainy, cloudy, cool, weather",Vanessa Boutzikoudi
ğŸŒ§ï¸,1F327,"cloud, rain, raindrops, falling, down, wet, cool, cloudy, weather, stormy",Vanessa Boutzikoudi
ğŸŒ¨ï¸,1F328,"cloud, snow, falling, ice, wet, cold, cloudy, stormy, weather",Vanessa Boutzikoudi
ğŸŒ©ï¸,1F329,"cloud, lightning, glaring, wet, cold, cloudy, gray, weather, storm, current, voltage, light up, light",Vanessa Boutzikoudi
ğŸŒªï¸,1F32A,"tornado, wind, blow, sky, dangerous, severe weather, storm, hurricane, typhoon, cyclone",Vanessa Boutzikoudi
ğŸŒ¬ï¸,1F32C,"wind, face, blowing, air, mouth, mother nature, sky",Vanessa Boutzikoudi
â›„ï¸,26C4,"snowman, frosty, frosty the snowman, snowman, olaf, winter, not snowing",Vanessa Boutzikoudi
â›…ï¸,26C5,"sun, behind, cloud, appear, cloudy, cool, sunny, weather",Vanessa Boutzikoudi
â›ˆï¸,26C8,"cloud, lightning, rain, thunder, weather, storm, thunderstorm",Vanessa Boutzikoudi
ğŸ”‡,1F507,,Rana Cakir
ğŸ”ˆï¸,1F508,sound,Rana Cakir
ğŸ”Š,1F50A,sound,Rana Cakir
ğŸ””,1F514,sound,Rana Cakir
ğŸ”•,1F515,,Rana Cakir
ğŸ“¢,1F4E2,sound,Rana Cakir
ğŸ“¯,1F4EF,,Rana Cakir
ğŸ”‰,1F509,,Rana Cakir
âš½ï¸,26BD,"soccer, ball, football, game, ball game, team sports",Vanessa Boutzikoudi
âš¾ï¸,26BE,"baseball, white, ball, american, game, ball game, team sports",Vanessa Boutzikoudi
ğŸ£,1F3A3,"fishing rod, fishing pole, line, fish, caught, hobby",Vanessa Boutzikoudi
ğŸ¯,1F3AF,"direct, hit, dart board, archery, bullseye, target, darts, game",Vanessa Boutzikoudi
ğŸ±,1F3B1,"pool ball, 8 Ball, black ball, cue ball, magic 8 ball, pool, snooker, billiards, game",Vanessa Boutzikoudi
ğŸ¾,1F3BE,"tennis, tennis ball, ball game, game, racket, racquet, sport",Vanessa Boutzikoudi
ğŸ¿,1F3BF,"skis, Skiing, Ski Boot, to ski, winter, snow, hobby, sport",Vanessa Boutzikoudi
ğŸ€,1F3C0,"basketball, orange ball, team sport, sport, canadian sport, game",Vanessa Boutzikoudi
ğŸˆ,1F3C8,"american, football, american game, oval ball, ball game, superbowl, team sport",Vanessa Boutzikoudi
ğŸ‰,1F3C9,"rugby, football, brown ball, league, rugby, union, team sport, british sports, sport",Vanessa Boutzikoudi
ğŸ,1F3CF,"cricket, game, cricket bat and ball, hobby, activity",Vanessa Boutzikoudi
ğŸ,1F3D0,"ball, ball game, team sport, sport, hobby, olympic games",Vanessa Boutzikoudi
ğŸ‘,1F3D1,"field, hockey, field hockey stick and ball, ice hockey, team sport, hockey stick, puck",Vanessa Boutzikoudi
ğŸ’,1F3D2,"ice hockey, hockey stick, puck, field hockey, game, team sport",Vanessa Boutzikoudi
ğŸ“,1F3D3,"ping pong, table tennis, paddle, ball, game, ball game, hobby",Vanessa Boutzikoudi
ğŸ¥Š,1F94A,"boxing, glove, red, mitt, sport, fist, beat, slap, slap in your face, muhammad ali",Vanessa Boutzikoudi
ğŸ¥‹,1F94B,"white, uniform, judo, karate, keikogi, sport",Vanessa Boutzikoudi
â›³ï¸,26F3,"flag, golf, golf flag, golf hole with flag, sport, ball, goal",Vanessa Boutzikoudi
âŒšï¸,231A,"watch, time,",Rana Cakir
âŒ›ï¸,231B,"countdown, hourglass",Rana Cakir
â°,23F0,,Rana Cakir
â±ï¸,23F1,,Rana Cakir
â³ï¸,23F3,,Rana Cakir
ğŸ•ï¸,1F550,time,Rana Cakir
ğŸ•‘ï¸,1F551,time,Rana Cakir
ğŸ•’ï¸,1F552,time,Rana Cakir
ğŸ•“ï¸,1F553,time,Rana Cakir
ğŸ•”ï¸,1F554,time,Rana Cakir
ğŸ••ï¸,1F555,time,Rana Cakir
ğŸ•–ï¸,1F556,time,Rana Cakir
ğŸ•—ï¸,1F557,time,Rana Cakir
ğŸ•˜ï¸,1F558,time,Rana Cakir
ğŸ•™ï¸,1F559,time,Rana Cakir
ğŸ•šï¸,1F55A,time,Rana Cakir
ğŸ•›ï¸,1F55B,time,Rana Cakir
ğŸ•œï¸,1F55C,time,Rana Cakir
ğŸ•ï¸,1F55D,time,Rana Cakir
ğŸ•ï¸,1F55E,time,Rana Cakir
ğŸ•Ÿï¸,1F55F,time,Rana Cakir
ğŸ• ï¸,1F560,time,Rana Cakir
ğŸ•¡ï¸,1F561,time,Rana Cakir
ğŸ•¢ï¸,1F562,time,Rana Cakir
ğŸ•£ï¸,1F563,time,Rana Cakir
ğŸ•¤ï¸,1F564,time,Rana Cakir
ğŸ•¥ï¸,1F565,time,Rana Cakir
ğŸ•¦ï¸,1F566,time,Rana Cakir
ğŸ•§ï¸,1F567,time,Rana Cakir
â²ï¸,23F2,time,Rana Cakir
âš™ï¸,2699,"tool, metal, silver",Hilda Kalyoncu
ğŸ”§,1F527,"toolbox, silver",Hilda Kalyoncu
ğŸ”«,1F52B,"gun, weapon, pistol",Hilda Kalyoncu
ğŸ”—,1F517,"silver, link",Hilda Kalyoncu
ğŸ”¨,1F528,"toolbox, metal, wood",Hilda Kalyoncu
âš–ï¸,2696,silver,Hilda Kalyoncu
ğŸ—œï¸,1F5DC,toolbox,Hilda Kalyoncu
ğŸ—¡ï¸,1F5E1,metal,Hilda Kalyoncu
ğŸ› ï¸,1F6E0,"craft mans, logo",Hilda Kalyoncu
ğŸ›¡ï¸,1F6E1,"protection, fight, middle ages",Hilda Kalyoncu
â›ï¸,26CF,weapon,Hilda Kalyoncu
â›“ï¸,26D3,"metal, silver",Hilda Kalyoncu
âœˆï¸,2708,"fly, airplane, aeroplane, air, sky, travel, departure, arrive",Ronja BÃ¤urlen
ğŸš€,1F680,"rocket, space, galaxy, adventure, alien, transportation",Ronja BÃ¤urlen
ğŸš,1F681,"helicopter, air, transportation, sky, fly, flying",Ronja BÃ¤urlen
ğŸ›¸,1F6F8,"alien, UFO, space, planets, adventures",Ronja BÃ¤urlen
ğŸ’º,1F4BA,"seat, chair, lounge, Airplane, sitting, comfort",Ronja BÃ¤urlen
ğŸš ,1F6A0,"travel, mountain, high",Ronja BÃ¤urlen
ğŸ›©ï¸,1F6E9,"fly, airplane, aeroplane, air, sky, travel, departure, arrive",Ronja BÃ¤urlen
ğŸ›«,1F6EB,"fly, airplane, aeroplane, air, sky, travel, departure",Ronja BÃ¤urlen
ğŸ›¬,1F6EC,"fly, airplane, aeroplane, air, sky, travel, arrive",Ronja BÃ¤urlen
ğŸ›°ï¸,1F6F0,"space, galaxy, satellite",Ronja BÃ¤urlen
ğŸš‚,1F682,"Train, Locomotive, travel, drive",Ronja BÃ¤urlen
ğŸšƒ,1F683,"train, locomotive, railway car, travel",Ronja BÃ¤urlen
ğŸš…,1F685,"train, locomotive, railway car, travel, transportation",Ronja BÃ¤urlen
ğŸšŒ,1F68C,"Bus, travel, transportation",Ronja BÃ¤urlen
ğŸš,1F690,"Bus, travel, transportation, car",Ronja BÃ¤urlen
ğŸš‘ï¸,1F691,"travel, hospital, ambulance, alarm, doctor, help",Ronja BÃ¤urlen
ğŸš’,1F692,"travel, fire, fire engine, red, alarm",Ronja BÃ¤urlen
ğŸš“,1F693,"travel, car, police, patrol",Ronja BÃ¤urlen
ğŸš•,1F695,"travel, transportation, car, taxi, cab",Ronja BÃ¤urlen
ğŸš—,1F697,"car, travel, automobile, vehicle, transportation",Ronja BÃ¤urlen
ğŸšš,1F69A,"truck, delivery, car, transportation, travel, trucker, driver",Ronja BÃ¤urlen
ğŸšœ,1F69C,"tractor, towing, vehicle, farm, farming, field, acre",Ronja BÃ¤urlen
ğŸš¦,1F6A6,"light, red, green, yellow, vertical, traffic, light",Ronja BÃ¤urlen
ğŸš²ï¸,1F6B2,"bike, vehicle, bicycle",Ronja BÃ¤urlen
ğŸ›´,1F6F4,"kick, scooter, city roller",Ronja BÃ¤urlen
ğŸš‰,1F689,"train station, station, stop, train, railway, travel, departure, arrives",Ronja BÃ¤urlen
ğŸš,1F68F,"station, stop, bus, traffic, travel, bus stop, departure, arrive",Ronja BÃ¤urlen
ğŸš™,1F699,"car, travel, automobile, vehicle, transportation, sport, utility",Ronja BÃ¤urlen
ğŸš›,1F69B,"delivery truck, truck, car, transportation, travel, trucker, truck driver",Ronja BÃ¤urlen
ğŸš,1F69D,"train, locomotive, monorail, travel, transportation",Ronja BÃ¤urlen
ğŸš¥,1F6A5,"light, red, green, yellow, traffic, traffic light",Ronja BÃ¤urlen
ğŸš§,1F6A7,"barrier, warning, stop, attention, traffic",Ronja BÃ¤urlen
ğŸ›‘,1F6D1,"stop, sign, signal, warning",Ronja BÃ¤urlen
ğŸ›µ,1F6F5,"motor, scooter, transportation, bicycle,",Ronja BÃ¤urlen
â›½ï¸,26FD,"fuel, gas, station, transportation",Ronja BÃ¤urlen
ğŸš¹ï¸,1F6B9,"man, restroom, guy, dude, male, toilet",Ronja BÃ¤urlen
ğŸšºï¸,1F6BA,"woman, female, restroom, chick, women, toilet",Ronja BÃ¤urlen
ğŸš»,1F6BB,"unisex, restroom, male, toilet, woman, female",Ronja BÃ¤urlen
â™¿ï¸,267F,"disabled, toilet, restroom",Ronja BÃ¤urlen
ğŸš®,1F6AE,"trash, litter, bin, garbage, can, throw, away",Ronja BÃ¤urlen
ğŸš°,1F6B0,"water, faucet, tap, glass",Ronja BÃ¤urlen
ğŸš¼ï¸,1F6BC,"baby, changing, station, restroom, toilet",Ronja BÃ¤urlen
ğŸš¾,1F6BE,"restroom, WC, toilet, water, closet",Ronja BÃ¤urlen
ğŸš¢,1F6A2,"boat, passengers, ship, travel, sea, atlantic, ocean, water",Ronja BÃ¤urlen
ğŸ›¥ï¸,1F6E5,"boat, passengers, ship, travel, sea, atlantic, ocean, water, motor",Ronja BÃ¤urlen
â›µï¸,26F5,"boat, passengers, ship, travel, sea, atlantic, ocean, water, yacht, resort, sail, sailboat",Ronja BÃ¤urlen
âš“ï¸,2693,"boat, ship, travel, sea, atlantic, ocean, water, tool, anchor, metal",Ronja BÃ¤urlen
ğŸš¤,1F6A4,"boat, passengers, ship, travel, sea, atlantic, ocean, water, speed",Ronja BÃ¤urlen
ğŸ›³ï¸,1F6F3,"boat, passengers, ship, travel, sea, atlantic, ocean, water",Ronja BÃ¤urlen
ğŸš«,1F6AB,,Miriam Vollmeier
âš ï¸,26A0,,Miriam Vollmeier
ğŸ“µ,1F4F5,,Miriam Vollmeier
â›”ï¸,26D4,,Miriam Vollmeier
ğŸ”,1F51E,,Miriam Vollmeier
ğŸš­ï¸,1F6AD,,Miriam Vollmeier
ğŸš³,1F6B3,,Miriam Vollmeier
âœï¸,270F,,Rana Cakir
ğŸ“,1F4DD,"pencil, paper, notice",Rana Cakir
ğŸ–Šï¸,1F58A,,Rana Cakir
ğŸ–‹ï¸,1F58B,,Rana Cakir
ğŸ–Œï¸,1F58C,"colors, pain, brush",Rana Cakir
ğŸ–ï¸,1F58D,"painting, colors",Rana Cakir
